{"cameraMode":{"drawMode":0,"name":"Shaded","section":"Shading Mode"},"sceneLighting":true,"audioPlay":false,"sceneViewState":{"m_AlwaysRefresh":false,"showFog":true,"showSkybox":true,"showFlares":true,"showImageEffects":true,"showParticleSystems":true,"showVisualEffectGraphs":true,"m_FxEnabled":true},"in2DMode":false,"pivot":{"x":1.5663425922393799,"y":0.7735996246337891,"z":3.565408229827881},"rotation":{"x":-0.26354652643203738,"y":0.5842480659484863,"z":-0.20990750193595887,"w":-0.7388461828231812},"size":0.5250411033630371,"orthographic":false}