{"cameraMode":{"drawMode":0,"name":"Shaded","section":"Shading Mode"},"sceneLighting":true,"audioPlay":false,"sceneViewState":{"m_AlwaysRefresh":false,"showFog":true,"showSkybox":true,"showFlares":true,"showImageEffects":true,"showParticleSystems":true,"showVisualEffectGraphs":true,"m_FxEnabled":true},"in2DMode":false,"pivot":{"x":0.31938880681991579,"y":3.323655128479004,"z":-1.7078156471252442},"rotation":{"x":-0.004445175174623728,"y":-0.9902766346931458,"z":0.13602010905742646,"w":-0.032088566571474078},"size":2.336540937423706,"orthographic":false}