{"cameraMode":{"drawMode":0,"name":"Shaded","section":"Shading Mode"},"sceneLighting":true,"audioPlay":false,"sceneViewState":{"m_AlwaysRefresh":false,"showFog":true,"showSkybox":true,"showFlares":true,"showImageEffects":true,"showParticleSystems":true,"showVisualEffectGraphs":true,"m_FxEnabled":true},"in2DMode":false,"pivot":{"x":2.3350000381469728,"y":10.808979034423829,"z":0.7905222177505493},"rotation":{"x":-0.00452254805713892,"y":0.9955302476882935,"z":-0.07031350582838059,"w":-0.06580101698637009},"size":0.731648325920105,"orthographic":false}